Size,Zeep Sort,Bubble Sort,Insertion Sort,Merge Sort,Quick Sort
1,4.67E-06,6.44E-06,5.11E-06,1.67E-05,6.89E-06
2,1.07E-05,1.11E-05,1.24E-05,2.58E-05,1.42E-05
3,2.07E-05,2.27E-05,2.33E-05,5.27E-05,2.67E-05
4,3.02E-05,3.02E-05,3.29E-05,8.00E-05,3.82E-05
5,3.89E-05,4.78E-05,4.33E-05,1.02E-04,5.67E-05
6,5.87E-05,6.00E-05,5.73E-05,1.20E-04,7.20E-05
7,7.62E-05,8.24E-05,6.22E-05,1.45E-04,1.01E-04
8,9.78E-05,1.08E-04,7.82E-05,1.74E-04,1.26E-04
9,1.10E-04,1.42E-04,9.40E-05,2.06E-04,1.58E-04
10,1.38E-04,1.84E-04,1.02E-04,2.53E-04,1.91E-04
11,1.54E-04,2.40E-04,1.30E-04,3.01E-04,2.30E-04
12,1.89E-04,2.77E-04,1.33E-04,3.28E-04,2.51E-04
13,2.46E-04,3.26E-04,1.47E-04,3.84E-04,2.95E-04
14,2.30E-04,3.61E-04,1.62E-04,4.04E-04,3.14E-04
15,2.40E-04,3.97E-04,1.70E-04,4.40E-04,3.27E-04
16,2.70E-04,4.59E-04,1.92E-04,4.91E-04,3.84E-04
17,3.14E-04,5.33E-04,2.12E-04,9.90E-04,4.34E-04
18,3.44E-04,6.04E-04,2.24E-04,5.44E-04,4.36E-04
19,3.46E-04,6.33E-04,2.28E-04,5.70E-04,4.43E-04
20,3.87E-04,6.84E-04,2.44E-04,6.31E-04,4.80E-04
21,3.97E-04,7.65E-04,2.52E-04,6.63E-04,5.13E-04
22,4.30E-04,8.02E-04,2.69E-04,6.75E-04,5.38E-04
23,4.65E-04,9.15E-04,3.22E-04,7.26E-04,5.98E-04
24,4.85E-04,9.60E-04,3.73E-04,0.001072,7.79E-04
25,5.78E-04,0.001122222,3.33E-04,8.06E-04,6.61E-04
26,5.32E-04,0.001109333,3.52E-04,8.78E-04,6.93E-04
27,5.88E-04,0.001211998,3.78E-04,0.001211998,7.02E-04
28,6.16E-04,0.001288002,4.11E-04,9.27E-04,7.72E-04
29,6.19E-04,0.001340448,4.32E-04,9.28E-04,7.86E-04
30,6.47E-04,0.001413333,4.40E-04,9.80E-04,9.40E-04
31,6.96E-04,0.00150867,4.41E-04,0.001122891,8.27E-04
32,7.47E-04,0.001571556,4.69E-04,0.001080889,9.32E-04
33,7.99E-04,0.001693995,4.84E-04,0.001143997,9.24E-04
34,8.08E-04,0.001820888,4.91E-04,0.001171111,0.001012444
35,8.94E-04,0.001835547,5.76E-04,0.001228883,0.001018884
36,8.72E-04,0.001976,5.44E-04,0.001256,0.001
37,8.96E-04,0.002030883,5.59E-04,0.001282663,0.001052441
38,9.20E-04,0.002212446,5.74E-04,0.001393334,0.001072445
39,9.19E-04,0.002183993,6.15E-04,0.001343329,0.00108333
40,9.42E-04,0.002311111,6.22E-04,0.001386667,0.00112
41,9.66E-04,0.002414447,6.47E-04,0.001457779,0.001166223
42,0.001017332,0.002510663,6.91E-04,0.001558665,0.001175999
43,0.001127547,0.002618201,6.98E-04,0.001576654,0.001213546
44,0.001075553,0.002737771,7.14E-04,0.00156444,0.001280885
45,0.00111,0.00282,7.40E-04,0.00168,0.00128
46,0.001134668,0.002964447,7.97E-04,0.001707113,0.001349335
47,0.001180231,0.003039355,8.04E-04,0.001744235,0.001357787
48,0.001216,0.0032,8.32E-04,0.001749333,0.001418667
49,0.00127401,0.003266693,8.49E-04,0.001862015,0.001415567
50,0.001311111,0.0034,9.11E-04,0.002044444,0.001566667
51,0.001314656,0.003671971,9.18E-04,0.002051317,0.001507321
52,0.001352007,0.003767131,9.36E-04,0.002022233,0.001536897
53,0.001366217,0.003768874,9.30E-04,0.002131769,0.001566438
54,0.001416006,0.004128017,0.001020004,0.002268009,0.001740007
55,0.001564429,0.004289957,9.90E-04,0.002187756,0.001723316
56,0.001605336,0.004156452,9.83E-04,0.002190226,0.001680003
57,0.001507321,0.004268633,0.001051325,0.002191316,0.00165932
58,0.00155956,0.004343567,0.001044003,0.002345784,0.001765783
59,0.001534004,0.0044709,0.001114447,0.002425561,0.00171756
60,0.001573333,0.00464,0.00108,0.002426667,0.001866667
61,0.001626656,0.004798634,0.001125103,0.002521316,0.001870654
62,0.001694658,0.00493242,0.001157328,0.002521321,0.001859991
63,0.00170799,0.00510997,0.001217993,0.002505985,0.001931988
64,0.001735099,0.005319073,0.001365324,0.002702203,0.001991097
65,0.001892216,0.005503315,0.001285551,0.002614436,0.001921105
66,0.001818662,0.005529319,0.001319996,0.002757326,0.001965328
67,0.001980227,0.006000238,0.001399559,0.002828897,0.001995117
68,0.001903985,0.005757287,0.001329767,0.002795533,0.002115539
69,0.001870678,0.006194704,0.001334008,0.002836684,0.002116013
70,0.001882214,0.00623775,0.001477771,0.002893321,0.002224435
71,0.002019565,0.006405806,0.001404229,0.002966235,0.002208899
72,0.00208,0.006368,0.001584,0.00288,0.002288
73,0.002125105,0.006618649,0.001492441,0.003033547,0.002335994
74,0.002104882,0.006807979,0.001562217,0.003140879,0.00231866
75,0.002083333,0.006866667,0.00155,0.003083333,0.002466667
76,0.002685312,0.007785716,0.002111094,0.003225752,0.002415092
77,0.00225865,0.007905274,0.001779542,0.003815749,0.003901304
78,0.002340013,0.008233378,0.001698676,0.003258684,0.002461347
79,0.002387557,0.007847337,0.001720445,0.003511113,0.002773779
80,0.002453333,0.010115556,0.003626667,0.003591111,0.00272
81,0.003437972,0.008837929,0.001871985,0.00376197,0.003005976
82,0.003261781,0.009566675,0.002095558,0.003644448,0.003061336
83,0.002600708,0.009333038,0.001955143,0.003818061,0.002932714
84,0.002650688,0.009296075,0.001978683,0.003677363,0.002856023
85,0.002720009,0.009236697,0.002040007,0.00377779,0.002833343
86,0.002675534,0.009249704,0.001949318,0.003707526,0.0027902
87,0.002668007,0.009396025,0.001991339,0.003866677,0.002822674
88,0.002737744,0.009601658,0.002053308,0.003989284,0.002991963
89,0.003896207,0.009908627,0.002116214,0.00369843,0.002907322
90,0.0028,0.0098,0.00216,0.00382,0.00292
91,0.002891752,0.010293017,0.002224424,0.003963519,0.002952418
92,0.00284178,0.012328011,0.002351113,0.004395559,0.003864003
93,0.00314134,0.010602022,0.002294005,0.004009341,0.003079339
94,0.002903576,0.010716076,0.002276905,0.004094251,0.003133356
95,0.002892248,0.0112101,0.002491133,0.004180037,0.003314474
96,0.003136,0.01184,0.002410667,0.004117333,0.0032
97,0.003211761,0.011575271,0.002500431,0.004332644,0.003233316
98,0.003266693,0.012086763,0.002613354,0.004769371,0.003484472
99,0.003211968,0.012671873,0.002507975,0.004509955,0.003343967
100,0.003133333,0.013177778,0.002555556,0.004444445,0.003466667
101,0.003299367,0.012883243,0.002581138,0.004646048,0.003546258
102,0.003513305,0.012851898,0.002991976,0.004782628,0.003717304
103,0.003318913,0.012657648,0.002586464,0.004486255,0.003502026
104,0.003328018,0.013889852,0.002750237,0.005176917,0.003605353
105,0.003406599,0.014093052,0.002706613,0.004759905,0.003593261
106,0.00405154,0.015687937,0.003203543,0.005182202,0.003533319
107,0.00349534,0.013553358,0.002782005,0.004993342,0.003875785
108,0.00379197,0.013823889,0.002879977,0.00496796,0.003647971
109,0.003609147,0.01438814,0.002979362,0.004771825,0.003851371
110,0.003788897,0.015253367,0.002982229,0.005157789,0.003960009
111,0.003675292,0.015515158,0.003009299,0.005451272,0.003897289
112,0.003808054,0.016402012,0.003111156,0.005276519,0.004081836
113,0.003842001,0.015794892,0.003390001,0.005348668,0.004017779
114,0.003774636,0.015757207,0.003014643,0.005345291,0.003951968
115,0.003628837,0.01517978,0.003373285,0.005187703,0.003884388
116,0.003892455,0.018173382,0.003248009,0.005361792,0.004150233
117,0.004003952,0.016405802,0.003171962,0.005433935,0.005537934
118,0.004169398,0.01704471,0.003513832,0.00558542,0.004221844
119,0.003887346,0.017109612,0.003755124,0.00565913,0.005050906
120,0.0044,0.018693333,0.003626667,0.00528,0.004106667
121,0.004624899,0.0197096,0.00357623,0.005727346,0.00435601
122,0.004066694,0.018191677,0.003470245,0.005530703,0.004337807
123,0.004127374,0.017411508,0.003580703,0.005521389,0.004264043
124,0.004078258,0.017690824,0.003582254,0.005483605,0.004326261
125,0.004277778,0.017944444,0.0035,0.005583333,0.004444445
126,0.004200033,0.018088145,0.003612029,0.005656045,0.004340035
127,0.004289786,0.018513815,0.003781785,0.005588011,0.00445912
128,0.004323586,0.018659689,0.003783138,0.005518261,0.004636477
129,0.004385965,0.019005848,0.003869969,0.00579062,0.00458663
130,0.004622274,0.019182436,0.003871154,0.005951177,0.004564495
131,0.004424908,0.019708306,0.003930016,0.005938692,0.004570464
132,0.004517322,0.019682614,0.004106656,0.006013318,0.004663988
133,0.004610747,0.019861678,0.004019625,0.006118106,0.004817639
134,0.004436901,0.020070275,0.003990233,0.006312906,0.004794235
135,0.004559909,0.02045959,0.004199916,0.006179877,0.004859903
136,0.004744923,0.020974372,0.004291586,0.006256044,0.004775145
137,0.004749292,0.020915153,0.004262185,0.006241057,0.004749292
138,0.004876104,0.021129783,0.004170756,0.00640947,0.004753435
139,0.004942237,0.02165318,0.004231791,0.006486687,0.004942237
140,0.004915534,0.023488784,0.004355536,0.00640886,0.004946645
141,0.004982139,0.021683274,0.004324121,0.006517516,0.004856803
142,0.00476491,0.021457873,0.004417798,0.006689807,0.005112023
143,0.0051797,0.022974992,0.004544155,0.006577902,0.005497474
144,0.005248,0.025056,0.006208,0.007456,0.005952
145,0.005542309,0.026809307,0.0049623,0.007121222,0.00580009
146,0.005450652,0.024365712,0.004996431,0.007689313,0.005450652
147,0.005455377,0.025055533,0.004900039,0.007611394,0.005553378
148,0.005328071,0.024469659,0.005328071,0.007136984,0.00539385
149,0.005430104,0.02466724,0.004999669,0.007814053,0.005761208
150,0.005266667,0.024833333,0.0063,0.008733333,0.005833333
151,0.005771618,0.026274286,0.005201168,0.007751418,0.006878964
152,0.005640939,0.026110454,0.004965378,0.007160952,0.005438271
153,0.005473956,0.025363797,0.005099959,0.007241942,0.005541956
154,0.005612402,0.025769139,0.005201738,0.007426166,0.005543958
155,0.005683188,0.026590431,0.005304309,0.00743981,0.005683188
156,0.005685363,0.026554808,0.005338695,0.007522707,0.005720031
157,0.005756551,0.027387224,0.005547221,0.007745177,0.005896103
158,0.005723114,0.026965346,0.005863558,0.008040448,0.005898669
159,0.005971309,0.029609215,0.005971309,0.00752597,0.005723977
160,0.005795556,0.02752,0.005475556,0.007573333,0.00576
161,0.005867621,0.027978534,0.005438283,0.007406083,0.006010734
162,0.005975952,0.028115775,0.005579955,0.008027935,0.006011952
163,0.006121636,0.028615931,0.005578295,0.007968993,0.005868077
164,0.006049783,0.02897336,0.005794672,0.007944896,0.006013339
165,0.006013273,0.029076375,0.005756609,0.008139919,0.005939941
166,0.006086764,0.02906891,0.005754759,0.008115686,0.00708278
167,0.006160469,0.029763231,0.005974913,0.008090255,0.006160469
168,0.006309501,0.030128803,0.005936158,0.008325555,0.006048161
169,0.006159162,0.030345138,0.006008938,0.008224734,0.006234273
170,0.006309029,0.030676236,0.005969022,0.008424631,0.006309029
171,0.006345949,0.031007752,0.006155951,0.008473932,0.00619395
172,0.006306616,0.031456638,0.00619195,0.008255934,0.006039063
173,0.006189689,0.031025335,0.006035908,0.008342625,0.006228134
174,0.006264017,0.030972082,0.006070683,0.008390689,0.006302684
175,0.006455627,0.032822587,0.00630007,0.008127868,0.006144513
176,0.006648676,0.031718098,0.006335797,0.00817396,0.006257577
177,0.006214601,0.03229232,0.006371932,0.008456577,0.006214601
178,0.006328864,0.032356314,0.006526641,0.00850441,0.006526641
179,0.006722622,0.03261864,0.006364613,0.008512669,0.006444171
180,0.0066,0.03324,0.00668,0.00892,0.00636
181,0.00655619,0.03330384,0.006636634,0.008808624,0.006475746
182,0.006673407,0.033690598,0.006552073,0.008695652,0.006552073
183,0.006628711,0.034038227,0.006710045,0.008743391,0.006669378
184,0.006787701,0.0343474,0.00674681,0.008995747,0.006501472
185,0.006742035,0.034655705,0.006865365,0.008797534,0.006700925
186,0.006944157,0.034720786,0.006944157,0.009010871,0.006696152
187,0.006898271,0.03507314,0.007022939,0.00930851,0.006690492
188,0.006976938,0.03559492,0.007060495,0.00910762,0.006768048
189,0.006971861,0.036245275,0.007223856,0.009239815,0.006803864
190,0.007093397,0.0364381,0.007093397,0.009373416,0.006840061
191,0.00717287,0.036755655,0.00717287,0.008828148,0.006960655
192,0.007125485,0.036566112,0.007253488,0.009002859,0.006997482
193,0.007119575,0.03697032,0.007248242,0.009178246,0.006990908
194,0.007199517,0.037420243,0.007415072,0.009355061,0.006983963
195,0.007279976,0.03787321,0.007453308,0.009663302,0.007149976
196,0.007360948,0.038198527,0.007535171,0.009582299,0.006925389
197,0.007267315,0.03874442,0.007661326,0.010725856,0.007311094
198,0.008008096,0.039512474,0.007656092,0.009768117,0.007260087
199,0.007429355,0.039004114,0.007606244,0.009950029,0.007385132
200,0.007511111,0.03942222,0.007911111,0.009866667,0.0072
201,0.007593354,0.039932106,0.007772021,0.010094694,0.007325353
202,0.0075863,0.040310632,0.007990303,0.010100103,0.007361853
203,0.007578834,0.040555783,0.008029955,0.010195335,0.007533721
204,0.007706605,0.041117005,0.008250601,0.010154585,0.007298608
205,0.007698966,0.04136486,0.008063414,0.010250103,0.007516742
206,0.007919795,0.04156748,0.008377587,0.01034609,0.007370445
207,0.007866047,0.042090252,0.00837205,0.01012006,0.007820047
208,0.008181188,0.04224636,0.008504738,0.010307373,0.007534088
209,0.007849148,0.042775534,0.008313594,0.010124936,0.00757048
210,0.008493164,0.043259136,0.008539829,0.010919781,0.007699846
211,0.008018006,0.04355981,0.00867445,0.01083134,0.007689783
212,0.008009045,0.04357863,0.008527278,0.010694431,0.007679261
213,0.008188574,0.0443035,0.0088039,0.010981209,0.008141241
214,0.008322237,0.04451208,0.008892905,0.010747574,0.007751569
215,0.008170091,0.04538939,0.0090301,0.01075012,0.007835642
216,0.008255736,0.045214552,0.008975713,0.011039646,0.007967745
217,0.008294353,0.045860056,0.009210589,0.011091286,0.00790857
218,0.008235636,0.045877337,0.0090592,0.011433001,0.008187192
219,0.008321978,0.046184544,0.009100642,0.011290637,0.008029979
220,0.008359814,0.0464923,0.009288683,0.011293083,0.007968712
221,0.008348885,0.046753757,0.009134662,0.011148217,0.008005108
222,0.008485447,0.047853973,0.009225456,0.011198816,0.008337445
223,0.008672382,0.0474751,0.009564399,0.011100649,0.008176818
224,0.008412564,0.048135795,0.009507691,0.010702374,0.008263228
225,0.0086,0.0485,0.00945,0.01085,0.0086
226,0.008939782,0.049319472,0.009642911,0.011551403,0.00848777
227,0.008827684,0.0492837,0.010189669,0.011753431,0.008323245
228,0.008663931,0.04950094,0.009930587,0.011754572,0.008258601
229,0.00865096,0.049921125,0.009770495,0.011755127,0.008345631
230,0.008892978,0.050189104,0.009915159,0.011703976,0.008637432
231,0.008931779,0.05087008,0.010112417,0.011857707,0.008675119
232,0.008867808,0.051660135,0.010362961,0.012012786,0.008610022
233,0.009060785,0.051465258,0.010355183,0.012063788,0.008594802
234,0.008891894,0.05184338,0.010347876,0.012219854,0.008579897
235,0.009086637,0.052326493,0.010235521,0.012011071,0.00866886
236,0.00917768,0.052443884,0.010279002,0.01200965,0.008758129
237,0.009321677,0.053454813,0.010532968,0.012112914,0.008953023
238,0.009202454,0.05373387,0.010577533,0.012375714,0.008990903
239,0.008975993,0.053802848,0.010888039,0.012109624,0.00913533
240,0.00912,0.054346666,0.01088,0.012213334,0.008906667
241,0.00926521,0.054520138,0.011032562,0.012157241,0.008783205
242,0.009142242,0.055283677,0.011185803,0.012476472,0.008980908
243,0.009557752,0.055294562,0.010799719,0.01231168,0.009125763
244,0.009489209,0.055905,0.011224379,0.012525757,0.008946969
245,0.00974521,0.056184668,0.011160715,0.012630662,0.009091899
246,0.009785164,0.05745367,0.011097141,0.012791778,0.009457169
247,0.010045011,0.057086397,0.011527061,0.012624877,0.009166759
248,0.009699642,0.05781207,0.011408102,0.012785891,0.009864977
249,0.00996016,0.05931828,0.011564852,0.01272687,0.00957282
250,0.009833333,0.059055556,0.011722222,0.013,0.009333333
251,0.009705489,0.059348505,0.011936636,0.013275323,0.009817046
252,0.01002408,0.06003248,0.012096097,0.014896119,0.009800078
253,0.009782976,0.060159676,0.011975711,0.013212639,0.009670528
254,0.009821076,0.0609584,0.012022352,0.013264096,0.009933962
255,0.010256701,0.060973536,0.01207004,0.01297671,0.009803366
256,0.010410741,0.062350664,0.012060531,0.01291387,0.009784958
257,0.01022273,0.06207881,0.012164477,0.013135351,0.009651627
258,0.010377251,0.0624355,0.012211902,0.013243894,0.00997592
259,0.01018705,0.062906474,0.013122303,0.013640287,0.009899281
260,0.010169296,0.06274918,0.01265384,0.013867222,0.009938175
261,0.010439624,0.063275725,0.012643545,0.013861501,0.009975641
262,0.010305677,0.063871905,0.012751091,0.014206695,0.010131004
263,0.010520164,0.06434833,0.012741087,0.013734658,0.009994156
264,0.010559662,0.064707264,0.012906253,0.013668896,0.010207674
265,0.010482304,0.06513162,0.013308993,0.014133443,0.010128967
266,0.010462849,0.06543713,0.013122894,0.014246025,0.010167288
267,0.01073929,0.06912306,0.016553935,0.015485938,0.011273288
268,0.011017807,0.071943305,0.014114704,0.015246263,0.011136918
269,0.011357523,0.07167195,0.01458545,0.014884332,0.010699982
270,0.011579769,0.07091858,0.014639707,0.014879703,0.010859783
271,0.012466124,0.07208672,0.014333032,0.015236375,0.011081
272,0.011424081,0.07247341,0.014567215,0.03904739,0.011726306
273,0.011829653,0.07206988,0.014256248,0.015408881,0.011344334
274,0.011629323,0.07422065,0.014430102,0.015038967,0.010776912
275,0.011183769,0.0720528,0.014850577,0.015706167,0.011061542
276,0.012266928,0.07390825,0.015149657,0.02152846,0.010794897
277,0.011634349,0.073992,0.014958449,0.016066482,0.011695907
278,0.01186137,0.07530735,0.015444493,0.015876938,0.01155248
279,0.011470023,0.080600165,0.01500403,0.01494203,0.010912022
280,0.011510702,0.073481835,0.015057243,0.015243903,0.011199602
281,0.011427501,0.07455976,0.01467466,0.015299114,0.011365056
282,0.011844331,0.07495143,0.015416431,0.016043115,0.011593658
283,0.011571599,0.07521539,0.014841834,0.015407836,0.011382932
284,0.011864942,0.07598612,0.015146734,0.015777849,0.011296939
285,0.011970359,0.076382294,0.015327127,0.015200456,0.011210336
286,0.01188509,0.07607728,0.015253591,0.015571374,0.011440193
287,0.011735442,0.07628038,0.015434658,0.014988201,0.011225206
288,0.01184,0.076608,0.015488,0.014912,0.01152
289,0.011752617,0.07706634,0.015541712,0.015284824,0.011945283
290,0.012051298,0.07830122,0.015595798,0.01585358,0.011406845
291,0.011833937,0.078116916,0.015584583,0.015519917,0.01125194
292,0.01213419,0.07909934,0.015897736,0.016351957,0.011744858
293,0.01230629,0.080869906,0.01601771,0.016343273,0.011980726
294,0.012413433,0.07800862,0.015680125,0.01541879,0.01117209
295,0.011537201,0.0862668,0.021370042,0.018551294,0.012717142
296,0.013616629,0.08406789,0.016445205,0.01683989,0.012235233
297,0.012935586,0.08309134,0.017291447,0.01682946,0.012275607
298,0.012846831,0.08608701,0.017680949,0.01695252,0.011919741
299,0.01295681,0.08232558,0.016478404,0.01627907,0.011960133
300,0.012733334,0.0844,0.0178,0.017066667,0.0124
301,0.012642141,0.09070234,0.0180602,0.018862877,0.012642141
302,0.015837863,0.0874438,0.018992014,0.018320918,0.014160124
303,0.013669114,0.091374315,0.01851727,0.01703589,0.013130429
304,0.013308113,0.09180571,0.018509762,0.019455515,0.013713436
305,0.014030093,0.093195066,0.018300122,0.018706791,0.012810085
306,0.013327894,0.092955254,0.022303822,0.018971847,0.014007888
307,0.014121981,0.09066721,0.01821531,0.017533088,0.012689317
308,0.012867899,0.08850103,0.018001368,0.017522246,0.012457221
309,0.013527432,0.09242601,0.01963881,0.017990798,0.013252764
310,0.014190259,0.097885236,0.017841151,0.016670112,0.013294758
311,0.015756737,0.09295093,0.018590186,0.016655149,0.012232205
312,0.013034736,0.09415517,0.019690773,0.017541427,0.011994731
313,0.013632886,0.10029909,0.019266885,0.017736662,0.01418933
314,0.01339753,0.08896797,0.01856116,0.018770497,0.013537088
315,0.016169677,0.09659807,0.019879602,0.018199636,0.013089738
316,0.014466292,0.09283708,0.018679775,0.017345505,0.012710674
317,0.013173653,0.09665375,0.019443465,0.017330045,0.012821416
318,0.013921278,0.09575295,0.018655926,0.017666597,0.01328528
319,0.013398554,0.09400255,0.022827165,0.016801361,0.012760527
320,0.013937282,0.0935789,0.0190571,0.0165683,0.012728436
321,0.01376703,0.093658604,0.018546259,0.016905628,0.012839718
322,0.013738819,0.09423971,0.018962434,0.017388193,0.012808587
323,0.013565891,0.09424347,0.019164514,0.017298305,0.012919896
324,0.013679891,0.095327236,0.019151846,0.01749586,0.012887897
325,0.013650152,0.095334396,0.019283548,0.017405748,0.013000145
326,0.013981455,0.0956969,0.019269777,0.017965807,0.013112142
327,0.013807137,0.096359275,0.019111983,0.017149916,0.012717099
328,0.013484948,0.09403018,0.018806035,0.01712953,0.012756032
329,0.0137447,0.09467758,0.019227957,0.017327094,0.012721158
330,0.013787034,0.095629215,0.019213846,0.017527133,0.013273687
331,0.013460831,0.09591762,0.019418905,0.017579993,0.012798823
332,0.013501549,0.095986426,0.019698981,0.017559392,0.013132654
333,0.013689507,0.09775048,0.019683292,0.017463371,0.012949534
334,0.013434276,0.09782528,0.01974319,0.018036073,0.012988941
335,0.013548723,0.097595476,0.019727537,0.017345343,0.012878732
336,0.013814217,0.09819295,0.019713262,0.017323775,0.013142174
337,0.014079233,0.09967797,0.019695949,0.01782371,0.013105669
338,0.013595734,0.10072861,0.019755127,0.01765192,0.013069931
339,0.014086629,0.09943503,0.0206403,0.018079096,0.013483993
340,0.013902531,0.10109558,0.020173782,0.018058179,0.013298073
341,0.014095181,0.10131858,0.020460745,0.018035768,0.013792058
342,0.013983889,0.10138319,0.020823833,0.018163854,0.013451892
343,0.014253049,0.10175305,0.02057927,0.017987804,0.013643293
344,0.014142649,0.1025151,0.020640625,0.018041434,0.013454629
345,0.014413862,0.103120446,0.02062409,0.018017327,0.013417158
346,0.014302191,0.10511342,0.021068819,0.018146867,0.01361015
347,0.014573213,0.10394017,0.021127304,0.018351454,0.013570823
348,0.014229371,0.10478695,0.02142139,0.018637383,0.013842704
349,0.01450287,0.10617341,0.021793082,0.018690864,0.013727315
350,0.014389048,0.10609007,0.021622462,0.018589096,0.013689041
351,0.015131425,0.10771391,0.021605179,0.018251307,0.014195461
352,0.014862328,0.10739987,0.022058824,0.0185388,0.014236546
353,0.014668968,0.10817383,0.02157201,0.01835582,0.014119862
354,0.014867841,0.10785085,0.021711769,0.019351793,0.014159849
355,0.014831177,0.10878826,0.021536762,0.01853897,0.014357842
356,0.015110759,0.10893987,0.021914557,0.018908229,0.013844937
357,0.014914717,0.10940103,0.022451408,0.018881395,0.013804046
358,0.015194909,0.110898964,0.022434367,0.019252189,0.014081146
359,0.014918229,0.112165935,0.022576785,0.01914639,0.014519346
360,0.01496,0.11216,0.02264,0.0192,0.01432
361,0.015403129,0.111672685,0.022462897,0.019093461,0.014440433
362,0.015203926,0.11262167,0.022604778,0.019226128,0.014158153
363,0.015406953,0.11365653,0.022828104,0.019440187,0.014277648
364,0.015044892,0.114373535,0.023052657,0.019898083,0.014559573
365,0.015248601,0.11412118,0.02335956,0.019628517,0.014599725
366,0.015534771,0.11565677,0.023180155,0.019194795,0.014640098
367,0.01541473,0.11540657,0.023244433,0.0194927,0.014680695
368,0.01553811,0.11637226,0.024288518,0.019954203,0.014556755
369,0.015416154,0.1198032,0.023862239,0.019598195,0.015252152
370,0.015704654,0.117497124,0.023515869,0.019486926,0.014635751
371,0.015663644,0.11797197,0.023660347,0.019868096,0.01450948
372,0.015873017,0.11789021,0.02414021,0.020006614,0.015046297
373,0.015500663,0.1193634,0.024121353,0.02055703,0.015500663
374,0.016040558,0.12009641,0.023936171,0.019614361,0.014710771
375,0.015583334,0.12083333,0.024583334,0.02,0.015166666
376,0.015708556,0.12065508,0.02473262,0.019886363,0.015374332
377,0.01616957,0.120894775,0.024212467,0.02019102,0.014829089
378,0.015875682,0.12154557,0.025703486,0.020327594,0.015791684
379,0.01608692,0.12322076,0.025351638,0.020045482,0.016339594
380,0.016720148,0.124978885,0.025080223,0.020520182,0.015031245
381,0.016002033,0.12361358,0.025230717,0.02006604,0.015663365
382,0.01638231,0.12715389,0.025634496,0.020032255,0.015533486
383,0.016341817,0.12418078,0.025619201,0.019916588,0.014979999
384,0.016043693,0.1253627,0.0255163,0.019542584,0.015446322
385,0.01651125,0.12618701,0.025494054,0.019505518,0.015227992
386,0.016040487,0.12720878,0.02581918,0.020844055,0.015525819
387,0.016597867,0.12745099,0.025627796,0.020897834,0.015135879
388,0.01655458,0.1283842,0.026125195,0.020865666,0.015606139
389,0.01642462,0.12819847,0.026106501,0.020660443,0.015646612
390,0.017074017,0.12983187,0.02608771,0.021234183,0.015513954
391,0.01642193,0.1294639,0.026587889,0.021200798,0.015987488
392,0.016811846,0.13249129,0.026480837,0.020993032,0.015505226
393,0.017030567,0.1313537,0.026812227,0.020873362,0.015895197
394,0.016898695,0.13151212,0.026530076,0.02110148,0.015497767
395,0.016589133,0.13253753,0.026858598,0.021504432,0.016150268
396,0.01715945,0.13366772,0.026751144,0.021207321,0.015663499
397,0.016850464,0.13427438,0.027437141,0.0213498,0.015880018
398,0.017601274,0.13444188,0.027242173,0.02166991,0.01592075
399,0.016935626,0.13513035,0.027398475,0.022078382,0.015960276
400,0.017333332,0.13573334,0.027822223,0.021955555,0.016266666
401,0.017376581,0.13740866,0.027980752,0.021921227,0.016129032
402,0.017152045,0.13989638,0.02849741,0.022422727,0.016616045
403,0.018001074,0.1374709,0.028389754,0.023195414,0.016389038
404,0.019481102,0.14974414,0.028907442,0.023251638,0.017685609
405,0.01899019,0.14589146,0.029610297,0.02313023,0.017730176
406,0.01921689,0.14814146,0.028870445,0.023908336,0.017863587
407,0.01817853,0.14895542,0.029031383,0.024509361,0.017816767
408,0.018043341,0.1489709,0.028923746,0.023936894,0.01822468
409,0.018905653,0.14960916,0.028631158,0.023995638,0.017905835
410,0.018039359,0.1493258,0.030885568,0.024872448,0.016946064
411,0.017809846,0.14896338,0.030961731,0.024294456,0.016713856
412,0.018311664,0.15189525,0.030305805,0.024262955,0.01748764
413,0.018171806,0.1518906,0.030561674,0.02496329,0.017896475
414,0.01821527,0.15041399,0.031646736,0.024931002,0.01674333
415,0.018166728,0.15308005,0.03116931,0.023515308,0.017152343
416,0.017933074,0.15298577,0.03198373,0.024218895,0.018025514
417,0.018904643,0.15448059,0.031044388,0.023260124,0.017885275
418,0.01913609,0.1561542,0.03139805,0.023873664,0.017742684
419,0.018901303,0.15493482,0.030912478,0.024022346,0.017970204
420,0.019040508,0.1586709,0.03192085,0.024733992,0.018200485
421,0.019178595,0.15735804,0.03246328,0.02432407,0.017868837
422,0.019223556,0.15950863,0.03160165,0.024381096,0.018192047
423,0.019458545,0.15811242,0.032336906,0.024346681,0.017578492
424,0.019315934,0.16338453,0.03203618,0.02525205,0.019315934
425,0.019267095,0.15545902,0.03277295,0.02380053,0.01775595
426,0.019121544,0.1660356,0.036255207,0.026126467,0.019121544
427,0.020210646,0.16652434,0.03653098,0.026947528,0.020400418
428,0.021780483,0.17129542,0.031862278,0.02377782,0.01778581
429,0.019065777,0.157102,0.032030504,0.02402288,0.017731173
430,0.019015767,0.1579551,0.032011468,0.024844721,0.017964644
431,0.018869732,0.15747127,0.032375477,0.026915709,0.017720306
432,0.018815398,0.15868293,0.03283095,0.024191227,0.01747144
433,0.018281536,0.16010776,0.032233234,0.023958433,0.017896662
434,0.019193674,0.15827547,0.032118056,0.024305556,0.017939815
435,0.019623006,0.16220397,0.03441276,0.025132915,0.01817303
436,0.019959306,0.16170913,0.032748766,0.024125569,0.01840907
437,0.019326018,0.16286297,0.03340779,0.024473147,0.017675051
438,0.019661281,0.16264357,0.032509245,0.024819935,0.018298618
439,0.019510292,0.1635938,0.034435663,0.02468052,0.018242123
440,0.019360516,0.1644666,0.034809817,0.02532512,0.018773833
441,0.02009016,0.16326931,0.032732263,0.024304194,0.018130146
442,0.019644435,0.16884392,0.034475986,0.0261271,0.018858658
443,0.020378027,0.16843867,0.0344556,0.024414254,0.01870447
444,0.01953626,0.16526887,0.035125803,0.024272325,0.018746916
445,0.01967959,0.1704905,0.033524524,0.02383307,0.018196203
446,0.019724453,0.168203,0.03508772,0.024382992,0.017841212
447,0.019767558,0.1697626,0.034866396,0.023244264,0.018178206
448,0.019315014,0.16975309,0.035742734,0.025189167,0.01861808
449,0.019856317,0.17291957,0.035920974,0.025444023,0.019656755
450,0.0215,0.1796,0.0359,0.0253,0.0191
451,0.020244539,0.17588694,0.035778712,0.025756665,0.018941673
452,0.020894023,0.17689604,0.036162734,0.025012556,0.019085886
453,0.021542178,0.17787397,0.037950475,0.026273405,0.019830884
454,0.021287328,0.1779661,0.03601695,0.025726393,0.01846247
455,0.020018198,0.17884946,0.037508845,0.026084319,0.019512689
456,0.021888934,0.17612484,0.03556952,0.025233077,0.018950142
457,0.020820638,0.17631525,0.035141174,0.02508633,0.018281536
458,0.01994708,0.1767759,0.036739264,0.025951557,0.018522289
459,0.01988984,0.17645858,0.03651571,0.026009792,0.019277846
460,0.020852499,0.17888173,0.037105184,0.025452316,0.019421445
461,0.021719087,0.18174367,0.03872554,0.02776355,0.020592153
462,0.02084189,0.18151951,0.03809035,0.026694044,0.019609855
463,0.020987654,0.17932099,0.03713992,0.026748972,0.019032922
464,0.020313466,0.18230563,0.037636627,0.026500309,0.019488554
465,0.021390926,0.1831146,0.037201613,0.02645448,0.019944198
466,0.021538781,0.18090504,0.03758931,0.026198613,0.019571295
467,0.02117061,0.18181819,0.037982564,0.025633043,0.020029057
468,0.021424858,0.18450338,0.037441496,0.026105044,0.021216849
469,0.020950595,0.19418387,0.038982697,0.025432562,0.019491348
470,0.020261096,0.18788512,0.03926893,0.026840732,0.020052219
471,0.021666318,0.1879841,0.03966925,0.027213732,0.020096295
472,0.021292217,0.18974197,0.037444934,0.026117055,0.020033564
473,0.023441607,0.19499633,0.039209504,0.02733102,0.0212341
474,0.021487255,0.19433327,0.039287973,0.027596377,0.020960607
475,0.02132151,0.19822672,0.03842094,0.027232425,0.020688199
476,0.022953248,0.20076159,0.04146393,0.02676116,0.019462662
477,0.021623913,0.19185923,0.03996184,0.02734789,0.019715922
478,0.021988528,0.19088592,0.04025919,0.027937114,0.021244954
479,0.022990953,0.19510378,0.040659927,0.02639702,0.021500798
480,0.023253333,0.18858667,0.03925333,0.026026666,0.021333333
481,0.023300556,0.20329201,0.04136383,0.027148355,0.020842241
482,0.022172237,0.20554842,0.042095117,0.027956298,0.020565553
483,0.021790467,0.20513096,0.041219406,0.027372263,0.019643623
484,0.021297192,0.19221254,0.042379264,0.028181134,0.020759385
485,0.021877358,0.19743507,0.039767217,0.02726587,0.020045264
486,0.021922246,0.19838013,0.040712744,0.027321814,0.021058315
487,0.022294372,0.2038961,0.04199134,0.028030302,0.020887446
488,0.022557206,0.20301485,0.04131873,0.027871164,0.021255828
489,0.022603782,0.20049989,0.04292545,0.026733318,0.020104324
490,0.021450348,0.20263502,0.04344512,0.028963415,0.020797038
491,0.023240589,0.20731042,0.04255319,0.027495908,0.021167485
492,0.023179533,0.20446096,0.043297615,0.028537065,0.021758145
493,0.02311822,0.20663965,0.042511232,0.028925167,0.021693876
494,0.023383467,0.21056098,0.04501043,0.028872544,0.021187836
495,0.023649763,0.21361786,0.04410956,0.030139698,0.022549774
496,0.02414021,0.21902557,0.045414463,0.028328924,0.02138448
497,0.02385686,0.21471173,0.043627124,0.028385244,0.021647891
498,0.024236389,0.22355025,0.043824703,0.028220452,0.022576362
499,0.023397649,0.21224219,0.04335773,0.028720338,0.0218452
500,0.023222223,0.21566667,0.044333335,0.029111112,0.02188889